support,itemsets
0.1444134407380285,frozenset({'Accessories'})
0.14441379145868932,frozenset({'Accessory'})
0.03222070710896751,frozenset({'Alcohol'})
0.033898554750300916,frozenset({'Animal'})
0.6274543431843752,frozenset({'Apparel'})
0.039224598705419896,frozenset({'Architecture'})
0.043167049653628276,frozenset({'Art'})
0.060809351054546885,frozenset({'Audience'})
0.049123338636229724,frozenset({'Automobile'})
0.11455062863171245,frozenset({'Bar Counter'})
0.046639534916346106,frozenset({'Beverage'})
0.030381177242998915,frozenset({'Blazer'})
0.027398298022777202,frozenset({'Blonde'})
0.02479630144019932,frozenset({'Blossom'})
0.10749623326010285,frozenset({'Building'})
0.049123338636229724,frozenset({'Car'})
0.05498984312966283,frozenset({'Chair'})
0.046982890443282854,frozenset({'Child'})
0.029359527958048196,frozenset({'City'})
0.6274543431843752,frozenset({'Clothing'})
0.021564410550799783,frozenset({'Club'})
0.25549789707891774,frozenset({'Coat'})
0.029651327547845312,frozenset({'Couch'})
0.06755861945124843,frozenset({'Court'})
0.16744631869565582,frozenset({'Crowd'})
0.028535334405135674,frozenset({'Crypt'})
0.04268340586236599,frozenset({'Cushion'})
0.06960437306577555,frozenset({'Dating'})
0.02666739616564116,frozenset({'Dining Table'})
0.0427090084706054,frozenset({'Display'})
0.05319029541902702,frozenset({'Door'})
0.046639534916346106,frozenset({'Drink'})
0.03247673319136161,frozenset({'Dungeon'})
0.08835460103420509,frozenset({'Electronics'})
0.03892648614372813,frozenset({'Evening Dress'})
0.3957132115070046,frozenset({'Face'})
0.07606780412391381,frozenset({'Fashion'})
0.2080688899550797,frozenset({'Female'})
0.09679890238461991,frozenset({'Finger'})
0.02479630144019932,frozenset({'Flower'})
0.062301667466309774,frozenset({'Food'})
0.03129585672640141,frozenset({'Food Court'})
0.23067914951642635,frozenset({'Furniture'})
0.07476557831031203,frozenset({'Girl'})
0.03633921982890443,frozenset({'Glass'})
0.028233363916174956,frozenset({'Glasses'})
0.05474714443237965,frozenset({'Gown'})
0.025034090048231105,frozenset({'Grand Theft Auto'})
0.15041251764124924,frozenset({'Hair'})
0.0217548518696217,frozenset({'Hand'})
0.04690362757393893,frozenset({'Hat'})
0.1459485450704107,frozenset({'Head'})
0.075935582434787,frozenset({'Home Decor'})
0.03434817863746426,frozenset({'Housing'})
0.9242271519518306,frozenset({'Human'})
0.33368370327348634,frozenset({'Indoors'})
0.08721510960722091,frozenset({'Interior Design'})
0.08468255571548418,frozenset({'Jacket'})
0.02235774068556069,frozenset({'Jaw'})
0.046982890443282854,frozenset({'Kid'})
0.05716676627133434,frozenset({'Lamp'})
0.08822202862441746,frozenset({'Leisure Activities'})
0.028354362544155732,frozenset({'Light'})
0.03334792331282319,frozenset({'Lighting'})
0.02556683473200733,frozenset({'Machine'})
0.21416371359870262,frozenset({'Man'})
0.0427090084706054,frozenset({'Monitor'})
0.04705934754734027,frozenset({'Musical Instrument'})
0.03634939072806803,frozenset({'Musician'})
0.08040621869818103,frozenset({'Nature'})
0.05953869010041834,frozenset({'Night Life'})
0.1006171982189002,frozenset({'Outdoors'})
0.1852015521493565,frozenset({'Overcoat'})
0.0335053968895286,frozenset({'Pants'})
0.03436606539116577,frozenset({'Pedestrian'})
0.17533086987141178,frozenset({'People'})
0.07003505803725495,frozenset({'Performer'})
0.9242271519518306,frozenset({'Person'})
0.14755239065231238,frozenset({'Photo'})
0.14755239065231238,frozenset({'Photography'})
0.10033451736628424,frozenset({'Plant'})
0.02840802280526025,frozenset({'Plywood'})
0.10187803899452595,frozenset({'Portrait'})
0.12487198695880294,frozenset({'Pub'})
0.05393873330920375,frozenset({'Restaurant'})
0.03301824589165818,frozenset({'Road'})
0.059952189759517854,frozenset({'Robe'})
0.2500985525056887,frozenset({'Room'})
0.051504381202494884,frozenset({'Screen'})
0.02199579696360081,frozenset({'Shaking Hands'})
0.027088962399939395,frozenset({'Shelf'})
0.037332811460990045,frozenset({'Shirt'})
0.06462554256486228,frozenset({'Sitting'})
0.027942265767699467,frozenset({'Skin'})
0.04470285542733208,frozenset({'Sleeve'})
0.0228217441198174,frozenset({'Smile'})
0.025730621280607394,frozenset({'Sport'})
0.025730621280607394,frozenset({'Sports'})
0.12883828691194668,frozenset({'Suit'})
0.08550043629650206,frozenset({'Table'})
0.043250170450241154,frozenset({'Table Lamp'})
0.043598085345768485,frozenset({'Teen'})
0.03406725138815238,frozenset({'Text'})
0.07479924749375015,frozenset({'Tie'})
0.029359527958048196,frozenset({'Town'})
0.09058343083367704,frozenset({'Transportation'})
0.030902698865629095,frozenset({'Tree'})
0.044775454604120545,frozenset({'Urban'})
0.08926857907628595,frozenset({'Vehicle'})
0.022774046109946718,frozenset({'Vigil'})
0.023814985031242197,frozenset({'Water'})
0.11037459772340205,frozenset({'Woman'})
0.06745831334225566,frozenset({'Wood'})
0.022758965121531725,frozenset({'Worker'})
0.1444134407380285,"frozenset({'Accessories', 'Accessory'})"
0.12303491213746005,"frozenset({'Apparel', 'Accessories'})"
0.12303491213746005,"frozenset({'Accessories', 'Clothing'})"
0.08035676708500628,"frozenset({'Accessories', 'Coat'})"
0.02608484914802937,"frozenset({'Accessories', 'Court'})"
0.046729670126175266,"frozenset({'Accessories', 'Crowd'})"
0.09095870194074784,"frozenset({'Face', 'Accessories'})"
0.03578964055340914,"frozenset({'Female', 'Accessories'})"
0.02802187935770421,"frozenset({'Accessories', 'Furniture'})"
0.02823301319551414,"frozenset({'Glasses', 'Accessories'})"
0.031304624742921755,"frozenset({'Accessories', 'Hair'})"
0.03749765017157255,"frozenset({'Accessories', 'Head'})"
0.14381896921794904,"frozenset({'Accessories', 'Human'})"
0.06263835930069106,"frozenset({'Accessories', 'Indoors'})"
0.02457710102719067,"frozenset({'Jacket', 'Accessories'})"
0.05453495843258728,"frozenset({'Man', 'Accessories'})"
0.07109283155026949,"frozenset({'Accessories', 'Overcoat'})"
0.03549784096361203,"frozenset({'Accessories', 'People'})"
0.14381896921794904,"frozenset({'Accessories', 'Person'})"
0.033647438757158206,"frozenset({'Accessories', 'Photo'})"
0.033647438757158206,"frozenset({'Accessories', 'Photography'})"
0.025145969939030722,"frozenset({'Accessories', 'Portrait'})"
0.02218764116506598,"frozenset({'Accessories', 'Pub'})"
0.051032311193039456,"frozenset({'Room', 'Accessories'})"
0.06542553639217864,"frozenset({'Suit', 'Accessories'})"
0.07479924749375015,"frozenset({'Tie', 'Accessories'})"
0.12303526285812087,"frozenset({'Apparel', 'Accessory'})"
0.12303526285812087,"frozenset({'Clothing', 'Accessory'})"
0.08035676708500628,"frozenset({'Coat', 'Accessory'})"
0.02608484914802937,"frozenset({'Court', 'Accessory'})"
0.046729670126175266,"frozenset({'Crowd', 'Accessory'})"
0.09095870194074784,"frozenset({'Face', 'Accessory'})"
0.03578999127406996,"frozenset({'Female', 'Accessory'})"
0.028022230078365025,"frozenset({'Furniture', 'Accessory'})"
0.028233363916174956,"frozenset({'Glasses', 'Accessory'})"
0.031304624742921755,"frozenset({'Hair', 'Accessory'})"
0.03749765017157255,"frozenset({'Head', 'Accessory'})"
0.14381931993860986,"frozenset({'Human', 'Accessory'})"
0.06263871002135188,"frozenset({'Accessory', 'Indoors'})"
0.02457710102719067,"frozenset({'Jacket', 'Accessory'})"
0.05453495843258728,"frozenset({'Man', 'Accessory'})"
0.07109283155026949,"frozenset({'Overcoat', 'Accessory'})"
0.03549784096361203,"frozenset({'People', 'Accessory'})"
0.14381931993860986,"frozenset({'Person', 'Accessory'})"
0.033647438757158206,"frozenset({'Photo', 'Accessory'})"
0.033647438757158206,"frozenset({'Accessory', 'Photography'})"
0.025145969939030722,"frozenset({'Portrait', 'Accessory'})"
0.02218764116506598,"frozenset({'Accessory', 'Pub'})"
0.05103266191370027,"frozenset({'Room', 'Accessory'})"
0.06542553639217864,"frozenset({'Suit', 'Accessory'})"
0.07479924749375015,"frozenset({'Tie', 'Accessory'})"
0.02477876540715863,"frozenset({'Bar Counter', 'Alcohol'})"
0.03222070710896751,"frozenset({'Beverage', 'Alcohol'})"
0.03222070710896751,"frozenset({'Alcohol', 'Drink'})"
0.02249627534658216,"frozenset({'Glass', 'Alcohol'})"
0.03171496791607395,"frozenset({'Human', 'Alcohol'})"
0.03171496791607395,"frozenset({'Alcohol', 'Person'})"
0.025326240358689033,"frozenset({'Alcohol', 'Pub'})"
0.022640421538176646,"frozenset({'Animal', 'Human'})"
0.022640421538176646,"frozenset({'Animal', 'Person'})"
0.026310713253593482,"frozenset({'Apparel', 'Art'})"
0.04844258983359006,"frozenset({'Apparel', 'Audience'})"
0.08173720360596955,"frozenset({'Apparel', 'Bar Counter'})"
0.02650325889638028,"frozenset({'Apparel', 'Beverage'})"
0.030381177242998915,"frozenset({'Apparel', 'Blazer'})"
0.02246821769371705,"frozenset({'Apparel', 'Blonde'})"
0.05610232906576433,"frozenset({'Apparel', 'Building'})"
0.03637779910159396,"frozenset({'Apparel', 'Chair'})"
0.038099136104868286,"frozenset({'Apparel', 'Child'})"
0.6274543431843752,"frozenset({'Apparel', 'Clothing'})"
0.25549789707891774,"frozenset({'Apparel', 'Coat'})"
0.05379493783827008,"frozenset({'Apparel', 'Court'})"
0.1307069265927628,"frozenset({'Apparel', 'Crowd'})"
0.022464009045787284,"frozenset({'Apparel', 'Cushion'})"
0.051076852716962814,"frozenset({'Apparel', 'Dating'})"
0.0252417166794329,"frozenset({'Apparel', 'Display'})"
0.04488347656765121,"frozenset({'Apparel', 'Door'})"
0.02650325889638028,"frozenset({'Apparel', 'Drink'})"
0.02158861027639594,"frozenset({'Apparel', 'Dungeon'})"
0.051968384636751595,"frozenset({'Apparel', 'Electronics'})"
0.03892648614372813,"frozenset({'Apparel', 'Evening Dress'})"
0.2789670715385975,"frozenset({'Apparel', 'Face'})"
0.07596679657359943,"frozenset({'Apparel', 'Fashion'})"
0.17568299341486887,"frozenset({'Apparel', 'Female'})"
0.0636403682286362,"frozenset({'Apparel', 'Finger'})"
0.03629467830498107,"frozenset({'Apparel', 'Food'})"
0.15741886428232732,"frozenset({'Apparel', 'Furniture'})"
0.060693262515817505,"frozenset({'Apparel', 'Girl'})"
0.021926003552098852,"frozenset({'Apparel', 'Glass'})"
0.05474714443237965,"frozenset({'Apparel', 'Gown'})"
0.11764398486009052,"frozenset({'Apparel', 'Hair'})"
0.04690362757393893,"frozenset({'Apparel', 'Hat'})"
0.08521179319265226,"frozenset({'Apparel', 'Head'})"
0.05186386987982907,"frozenset({'Apparel', 'Home Decor'})"
0.6190212648951064,"frozenset({'Apparel', 'Human'})"
0.2311824336646942,"frozenset({'Apparel', 'Indoors'})"
0.04428830360625012,"frozenset({'Apparel', 'Interior Design'})"
0.08468255571548418,"frozenset({'Apparel', 'Jacket'})"
0.038099136104868286,"frozenset({'Apparel', 'Kid'})"
0.0340728629187254,"frozenset({'Apparel', 'Lamp'})"
0.06297540185573317,"frozenset({'Apparel', 'Leisure Activities'})"
0.16032177919188348,"frozenset({'Apparel', 'Man'})"
0.0252417166794329,"frozenset({'Apparel', 'Monitor'})"
0.0308749919334248,"frozenset({'Apparel', 'Musical Instrument'})"
0.024484160052075005,"frozenset({'Apparel', 'Musician'})"
0.039411532817633675,"frozenset({'Apparel', 'Nature'})"
0.03963388971658965,"frozenset({'Apparel', 'Night Life'})"
0.056206843822686856,"frozenset({'Apparel', 'Outdoors'})"
0.1852015521493565,"frozenset({'Apparel', 'Overcoat'})"
0.0335053968895286,"frozenset({'Apparel', 'Pants'})"
0.026000325468773237,"frozenset({'Apparel', 'Pedestrian'})"
0.13853150453551957,"frozenset({'Apparel', 'People'})"
0.04979040933309765,"frozenset({'Apparel', 'Performer'})"
0.6190212648951064,"frozenset({'Apparel', 'Person'})"
0.09304513915192938,"frozenset({'Apparel', 'Photo'})"
0.09304513915192938,"frozenset({'Apparel', 'Photography'})"
0.07266230650741143,"frozenset({'Apparel', 'Plant'})"
0.021351873830346597,"frozenset({'Apparel', 'Plywood'})"
0.05854895639560168,"frozenset({'Apparel', 'Portrait'})"
0.08911741847147518,"frozenset({'Apparel', 'Pub'})"
0.030977753087043255,"frozenset({'Apparel', 'Restaurant'})"
0.059952189759517854,"frozenset({'Apparel', 'Robe'})"
0.17892365232078875,"frozenset({'Apparel', 'Room'})"
0.03166271053761269,"frozenset({'Apparel', 'Screen'})"
0.037332811460990045,"frozenset({'Apparel', 'Shirt'})"
0.049400407958272656,"frozenset({'Apparel', 'Sitting'})"
0.04470285542733208,"frozenset({'Apparel', 'Sleeve'})"
0.12883828691194668,"frozenset({'Apparel', 'Suit'})"
0.05453846563919542,"frozenset({'Apparel', 'Table'})"
0.025676259578181246,"frozenset({'Apparel', 'Table Lamp'})"
0.03578893911208752,"frozenset({'Apparel', 'Teen'})"
0.07177743828017812,"frozenset({'Apparel', 'Tie'})"
0.039935158764228734,"frozenset({'Transportation', 'Apparel'})"
0.03908080323448622,"frozenset({'Apparel', 'Vehicle'})"
0.09525958940430797,"frozenset({'Apparel', 'Woman'})"
0.05124590007547509,"frozenset({'Apparel', 'Wood'})"
0.039224598705419896,"frozenset({'Building', 'Architecture'})"
0.029758297349393534,"frozenset({'Human', 'Architecture'})"
0.029758297349393534,"frozenset({'Person', 'Architecture'})"
0.026310713253593482,"frozenset({'Clothing', 'Art'})"
0.039263528698770235,"frozenset({'Human', 'Art'})"
0.039263528698770235,"frozenset({'Person', 'Art'})"
0.04844258983359006,"frozenset({'Clothing', 'Audience'})"
0.029716561590756686,"frozenset({'Coat', 'Audience'})"
0.060809351054546885,"frozenset({'Crowd', 'Audience'})"
0.02524908181330999,"frozenset({'Face', 'Audience'})"
0.060592956406824744,"frozenset({'Human', 'Audience'})"
0.04045597894553729,"frozenset({'Audience', 'Indoors'})"
0.025766394788010405,"frozenset({'Audience', 'Overcoat'})"
0.03637218757102093,"frozenset({'People', 'Audience'})"
0.060592956406824744,"frozenset({'Audience', 'Person'})"
0.03310417245355757,"frozenset({'Room', 'Audience'})"
0.021605795588775817,"frozenset({'Suit', 'Audience'})"
0.049123338636229724,"frozenset({'Car', 'Automobile'})"
0.040038270638508004,"frozenset({'Human', 'Automobile'})"
0.040038270638508004,"frozenset({'Person', 'Automobile'})"
0.049123338636229724,"frozenset({'Transportation', 'Automobile'})"
0.049123338636229724,"frozenset({'Vehicle', 'Automobile'})"
0.03285481006371893,"frozenset({'Beverage', 'Bar Counter'})"
0.08173720360596955,"frozenset({'Clothing', 'Bar Counter'})"
0.04280230016638188,"frozenset({'Coat', 'Bar Counter'})"
0.04019083412596203,"frozenset({'Crowd', 'Bar Counter'})"
0.031203967913268182,"frozenset({'Dating', 'Bar Counter'})"
0.03285481006371893,"frozenset({'Bar Counter', 'Drink'})"
0.05295145464901279,"frozenset({'Face', 'Bar Counter'})"
0.025652761293906718,"frozenset({'Female', 'Bar Counter'})"
0.03213793703301544,"frozenset({'Food', 'Bar Counter'})"
0.02356141399347379,"frozenset({'Food Court', 'Bar Counter'})"
0.04349251842686352,"frozenset({'Furniture', 'Bar Counter'})"
0.025888796298634435,"frozenset({'Glass', 'Bar Counter'})"
0.02803205025686781,"frozenset({'Hair', 'Bar Counter'})"
0.11414379266516839,"frozenset({'Human', 'Bar Counter'})"
0.07085960231082829,"frozenset({'Bar Counter', 'Indoors'})"
0.02473317172125283,"frozenset({'Bar Counter', 'Interior Design'})"
0.03009288485980994,"frozenset({'Man', 'Bar Counter'})"
0.03343490203670502,"frozenset({'Night Life', 'Bar Counter'})"
0.034941247274900465,"frozenset({'Bar Counter', 'Overcoat'})"
0.02755717448212587,"frozenset({'People', 'Bar Counter'})"
0.11414379266516839,"frozenset({'Bar Counter', 'Person'})"
0.11455062863171245,"frozenset({'Bar Counter', 'Pub'})"
0.034783072256873424,"frozenset({'Bar Counter', 'Restaurant'})"
0.05323764270823689,"frozenset({'Room', 'Bar Counter'})"
0.025429352232968303,"frozenset({'Suit', 'Bar Counter'})"
0.027218378323779702,"frozenset({'Bar Counter', 'Table'})"
0.02650325889638028,"frozenset({'Beverage', 'Clothing'})"
0.046639534916346106,"frozenset({'Beverage', 'Drink'})"
0.021203869711483157,"frozenset({'Beverage', 'Furniture'})"
0.026379454503112996,"frozenset({'Beverage', 'Glass'})"
0.04592616909225076,"frozenset({'Beverage', 'Human'})"
0.022321616457496866,"frozenset({'Beverage', 'Indoors'})"
0.04592616909225076,"frozenset({'Beverage', 'Person'})"
0.03371162063808714,"frozenset({'Beverage', 'Pub'})"
0.030381177242998915,"frozenset({'Clothing', 'Blazer'})"
0.030381177242998915,"frozenset({'Blazer', 'Coat'})"
0.030359432562028457,"frozenset({'Human', 'Blazer'})"
0.030381177242998915,"frozenset({'Jacket', 'Blazer'})"
0.02790333577434913,"frozenset({'Blazer', 'Overcoat'})"
0.030359432562028457,"frozenset({'Blazer', 'Person'})"
0.024725455866714926,"frozenset({'Suit', 'Blazer'})"
0.027398298022777202,"frozenset({'Child', 'Blonde'})"
0.02246821769371705,"frozenset({'Clothing', 'Blonde'})"
0.027398298022777202,"frozenset({'Female', 'Blonde'})"
0.027398298022777202,"frozenset({'Girl', 'Blonde'})"
0.027363927398017445,"frozenset({'Human', 'Blonde'})"
0.027398298022777202,"frozenset({'Kid', 'Blonde'})"
0.027363927398017445,"frozenset({'Blonde', 'Person'})"
0.027398298022777202,"frozenset({'Teen', 'Blonde'})"
0.027398298022777202,"frozenset({'Blonde', 'Woman'})"
0.02479630144019932,"frozenset({'Blossom', 'Flower'})"
0.023414111315931976,"frozenset({'Blossom', 'Human'})"
0.023414111315931976,"frozenset({'Blossom', 'Person'})"
0.02479630144019932,"frozenset({'Blossom', 'Plant'})"
0.029359527958048196,"frozenset({'Building', 'City'})"
0.05610232906576433,"frozenset({'Clothing', 'Building'})"
0.02846659315561616,"frozenset({'Furniture', 'Building'})"
0.03434817863746426,"frozenset({'Housing', 'Building'})"
0.08732207940876914,"frozenset({'Human', 'Building'})"
0.03558762545278037,"frozenset({'Building', 'Indoors'})"
0.026496244483164004,"frozenset({'Building', 'Nature'})"
0.030021688565664728,"frozenset({'Outdoors', 'Building'})"
0.0220133329966415,"frozenset({'Building', 'People'})"
0.08732207940876914,"frozenset({'Building', 'Person'})"
0.02407662264420932,"frozenset({'Road', 'Building'})"
0.02614868030829749,"frozenset({'Room', 'Building'})"
0.029359527958048196,"frozenset({'Building', 'Town'})"
0.02122245790650629,"frozenset({'Transportation', 'Building'})"
0.04123142232659669,"frozenset({'Building', 'Urban'})"
0.040038270638508004,"frozenset({'Car', 'Human'})"
0.040038270638508004,"frozenset({'Car', 'Person'})"
0.049123338636229724,"frozenset({'Transportation', 'Car'})"
0.049123338636229724,"frozenset({'Car', 'Vehicle'})"
0.03637779910159396,"frozenset({'Chair', 'Clothing'})"
0.05498984312966283,"frozenset({'Chair', 'Furniture'})"
0.05327025972969257,"frozenset({'Chair', 'Human'})"
0.037322289841165625,"frozenset({'Chair', 'Indoors'})"
0.05327025972969257,"frozenset({'Chair', 'Person'})"
0.032495321386384744,"frozenset({'Room', 'Chair'})"
0.02370661234705072,"frozenset({'Chair', 'Table'})"
0.038099136104868286,"frozenset({'Child', 'Clothing'})"
0.03596359800117281,"frozenset({'Child', 'Face'})"
0.043433597355846794,"frozenset({'Child', 'Female'})"
0.039870976883299804,"frozenset({'Child', 'Girl'})"
0.023502492922457065,"frozenset({'Child', 'Hair'})"
0.04686294397728452,"frozenset({'Child', 'Human'})"
0.046982890443282854,"frozenset({'Kid', 'Child'})"
0.04686294397728452,"frozenset({'Child', 'Person'})"
0.035687931561773134,"frozenset({'Teen', 'Child'})"
0.03800303864380529,"frozenset({'Child', 'Woman'})"
0.021586505952431057,"frozenset({'Human', 'City'})"
0.021586505952431057,"frozenset({'City', 'Person'})"
0.029359527958048196,"frozenset({'Town', 'City'})"
0.029359527958048196,"frozenset({'City', 'Urban'})"
0.25549789707891774,"frozenset({'Clothing', 'Coat'})"
0.05379493783827008,"frozenset({'Clothing', 'Court'})"
0.1307069265927628,"frozenset({'Clothing', 'Crowd'})"
0.022464009045787284,"frozenset({'Cushion', 'Clothing'})"
0.051076852716962814,"frozenset({'Dating', 'Clothing'})"
0.0252417166794329,"frozenset({'Display', 'Clothing'})"
0.04488347656765121,"frozenset({'Door', 'Clothing'})"
0.02650325889638028,"frozenset({'Clothing', 'Drink'})"
0.02158861027639594,"frozenset({'Dungeon', 'Clothing'})"
0.051968384636751595,"frozenset({'Electronics', 'Clothing'})"
0.03892648614372813,"frozenset({'Clothing', 'Evening Dress'})"
0.2789670715385975,"frozenset({'Face', 'Clothing'})"
0.07596679657359943,"frozenset({'Fashion', 'Clothing'})"
0.17568299341486887,"frozenset({'Female', 'Clothing'})"
0.0636403682286362,"frozenset({'Finger', 'Clothing'})"
0.03629467830498107,"frozenset({'Clothing', 'Food'})"
0.15741886428232732,"frozenset({'Clothing', 'Furniture'})"
0.060693262515817505,"frozenset({'Clothing', 'Girl'})"
0.021926003552098852,"frozenset({'Glass', 'Clothing'})"
0.05474714443237965,"frozenset({'Gown', 'Clothing'})"
0.11764398486009052,"frozenset({'Clothing', 'Hair'})"
0.04690362757393893,"frozenset({'Clothing', 'Hat'})"
0.08521179319265226,"frozenset({'Clothing', 'Head'})"
0.05186386987982907,"frozenset({'Home Decor', 'Clothing'})"
0.6190212648951064,"frozenset({'Human', 'Clothing'})"
0.2311824336646942,"frozenset({'Clothing', 'Indoors'})"
0.04428830360625012,"frozenset({'Clothing', 'Interior Design'})"
0.08468255571548418,"frozenset({'Jacket', 'Clothing'})"
0.038099136104868286,"frozenset({'Kid', 'Clothing'})"
0.0340728629187254,"frozenset({'Lamp', 'Clothing'})"
0.06297540185573317,"frozenset({'Clothing', 'Leisure Activities'})"
0.16032177919188348,"frozenset({'Man', 'Clothing'})"
0.0252417166794329,"frozenset({'Monitor', 'Clothing'})"
0.0308749919334248,"frozenset({'Clothing', 'Musical Instrument'})"
0.024484160052075005,"frozenset({'Clothing', 'Musician'})"
0.039411532817633675,"frozenset({'Clothing', 'Nature'})"
0.03963388971658965,"frozenset({'Night Life', 'Clothing'})"
0.056206843822686856,"frozenset({'Outdoors', 'Clothing'})"
0.1852015521493565,"frozenset({'Clothing', 'Overcoat'})"
0.0335053968895286,"frozenset({'Clothing', 'Pants'})"
0.026000325468773237,"frozenset({'Clothing', 'Pedestrian'})"
0.13853150453551957,"frozenset({'Clothing', 'People'})"
0.04979040933309765,"frozenset({'Performer', 'Clothing'})"
0.6190212648951064,"frozenset({'Clothing', 'Person'})"
0.09304513915192938,"frozenset({'Clothing', 'Photo'})"
0.09304513915192938,"frozenset({'Clothing', 'Photography'})"
0.07266230650741143,"frozenset({'Clothing', 'Plant'})"
0.021351873830346597,"frozenset({'Clothing', 'Plywood'})"
0.05854895639560168,"frozenset({'Clothing', 'Portrait'})"
0.08911741847147518,"frozenset({'Clothing', 'Pub'})"
0.030977753087043255,"frozenset({'Clothing', 'Restaurant'})"
0.059952189759517854,"frozenset({'Clothing', 'Robe'})"
0.17892365232078875,"frozenset({'Room', 'Clothing'})"
0.03166271053761269,"frozenset({'Screen', 'Clothing'})"
0.037332811460990045,"frozenset({'Shirt', 'Clothing'})"
0.049400407958272656,"frozenset({'Clothing', 'Sitting'})"
0.04470285542733208,"frozenset({'Sleeve', 'Clothing'})"
0.12883828691194668,"frozenset({'Suit', 'Clothing'})"
0.05453846563919542,"frozenset({'Clothing', 'Table'})"
0.025676259578181246,"frozenset({'Clothing', 'Table Lamp'})"
0.03578893911208752,"frozenset({'Teen', 'Clothing'})"
0.07177743828017812,"frozenset({'Tie', 'Clothing'})"
0.039935158764228734,"frozenset({'Transportation', 'Clothing'})"
0.03908080323448622,"frozenset({'Vehicle', 'Clothing'})"
0.09525958940430797,"frozenset({'Clothing', 'Woman'})"
0.05124590007547509,"frozenset({'Clothing', 'Wood'})"
0.021406235532772742,"frozenset({'Human', 'Club'})"
0.021406235532772742,"frozenset({'Club', 'Person'})"
0.03669379841698722,"frozenset({'Coat', 'Court'})"
0.07557644447811362,"frozenset({'Crowd', 'Coat'})"
0.026058194377807518,"frozenset({'Dating', 'Coat'})"
0.11400595944546855,"frozenset({'Face', 'Coat'})"
0.035675305617983835,"frozenset({'Fashion', 'Coat'})"
0.05238574222312007,"frozenset({'Female', 'Coat'})"
0.05570005246781086,"frozenset({'Furniture', 'Coat'})"
0.024127827860688143,"frozenset({'Gown', 'Coat'})"
0.04042862273399381,"frozenset({'Hair', 'Coat'})"
0.03432818755979787,"frozenset({'Head', 'Coat'})"
0.25463021416406434,"frozenset({'Human', 'Coat'})"
0.10836987842619014,"frozenset({'Coat', 'Indoors'})"
0.023163696764110894,"frozenset({'Coat', 'Interior Design'})"
0.08468255571548418,"frozenset({'Jacket', 'Coat'})"
0.024387361149690385,"frozenset({'Coat', 'Leisure Activities'})"
0.08650104234180393,"frozenset({'Man', 'Coat'})"
0.1852015521493565,"frozenset({'Coat', 'Overcoat'})"
0.062082817773961935,"frozenset({'People', 'Coat'})"
0.027827580111613345,"frozenset({'Performer', 'Coat'})"
0.25463021416406434,"frozenset({'Coat', 'Person'})"
0.0344884669017898,"frozenset({'Coat', 'Photo'})"
0.0344884669017898,"frozenset({'Coat', 'Photography'})"
0.0253862135916882,"frozenset({'Plant', 'Coat'})"
0.04613449716477418,"frozenset({'Coat', 'Pub'})"
0.027327803169953622,"frozenset({'Robe', 'Coat'})"
0.08919142053090691,"frozenset({'Room', 'Coat'})"
0.022253225928638164,"frozenset({'Sitting', 'Coat'})"
0.02111759242892295,"frozenset({'Sleeve', 'Coat'})"
0.12883828691194668,"frozenset({'Suit', 'Coat'})"
0.022753704311619515,"frozenset({'Coat', 'Table'})"
0.06175664755940507,"frozenset({'Tie', 'Coat'})"
0.02673859245978637,"frozenset({'Coat', 'Woman'})"
0.029651327547845312,"frozenset({'Furniture', 'Couch'})"
0.02885554236845871,"frozenset({'Human', 'Couch'})"
0.02885554236845871,"frozenset({'Person', 'Couch'})"
0.030475521100757838,"frozenset({'Crowd', 'Court'})"
0.039446955604375875,"frozenset({'Face', 'Court'})"
0.024355796290217138,"frozenset({'Furniture', 'Court'})"
0.0674565597389516,"frozenset({'Human', 'Court'})"
0.06755861945124843,"frozenset({'Court', 'Indoors'})"
0.027580322045739587,"frozenset({'Man', 'Court'})"
0.03387821295197371,"frozenset({'Overcoat', 'Court'})"
0.0674565597389516,"frozenset({'Person', 'Court'})"
0.06755861945124843,"frozenset({'Room', 'Court'})"
0.0296941154684646,"frozenset({'Suit', 'Court'})"
0.021069543698391455,"frozenset({'Dating', 'Crowd'})"
0.07750751243655463,"frozenset({'Face', 'Crowd'})"
0.03724793706107309,"frozenset({'Female', 'Crowd'})"
0.03306103381227747,"frozenset({'Furniture', 'Crowd'})"
0.03835656506990564,"frozenset({'Hair', 'Crowd'})"
0.03601410177633,"frozenset({'Head', 'Crowd'})"
0.16647026309661092,"frozenset({'Human', 'Crowd'})"
0.09042350221234594,"frozenset({'Crowd', 'Indoors'})"
0.03022195006298943,"frozenset({'Crowd', 'Interior Design'})"
0.030994938399423133,"frozenset({'Crowd', 'Leisure Activities'})"
0.038973482712277185,"frozenset({'Man', 'Crowd'})"
0.02457675030652986,"frozenset({'Night Life', 'Crowd'})"
0.0630574704903636,"frozenset({'Crowd', 'Overcoat'})"
0.07986295239458038,"frozenset({'Crowd', 'People'})"
0.02385461646591416,"frozenset({'Performer', 'Crowd'})"
0.16647026309661092,"frozenset({'Crowd', 'Person'})"
0.04277248891021271,"frozenset({'Crowd', 'Pub'})"
0.07377619532615619,"frozenset({'Room', 'Crowd'})"
0.02154687451775909,"frozenset({'Sitting', 'Crowd'})"
0.05106001812524375,"frozenset({'Suit', 'Crowd'})"
0.03160449090791759,"frozenset({'Tie', 'Crowd'})"
0.025898967197798037,"frozenset({'Human', 'Crypt'})"
0.025898967197798037,"frozenset({'Crypt', 'Person'})"
0.021103563602490397,"frozenset({'Cushion', 'Face'})"
0.02587126026559374,"frozenset({'Cushion', 'Furniture'})"
0.04125071196294145,"frozenset({'Cushion', 'Human'})"
0.04125071196294145,"frozenset({'Cushion', 'Person'})"
0.045271724339172134,"frozenset({'Face', 'Dating'})"
0.030500772988336432,"frozenset({'Female', 'Dating'})"
0.025707473716993678,"frozenset({'Dating', 'Hair'})"
0.06958438198810916,"frozenset({'Dating', 'Human'})"
0.02845852658041744,"frozenset({'Dating', 'Indoors'})"
0.021754150428300072,"frozenset({'Dating', 'People'})"
0.06958438198810916,"frozenset({'Dating', 'Person'})"
0.03217265837843601,"frozenset({'Dating', 'Pub'})"
0.026667045444980345,"frozenset({'Furniture', 'Dining Table'})"
0.026124480582701334,"frozenset({'Human', 'Dining Table'})"
0.026124480582701334,"frozenset({'Person', 'Dining Table'})"
0.026667045444980345,"frozenset({'Table', 'Dining Table'})"
0.0427090084706054,"frozenset({'Display', 'Electronics'})"
0.027011453133899535,"frozenset({'Display', 'Furniture'})"
0.040154359177237385,"frozenset({'Display', 'Human'})"
0.027411976128548943,"frozenset({'Display', 'Indoors'})"
0.0427090084706054,"frozenset({'Display', 'Monitor'})"
0.040154359177237385,"frozenset({'Display', 'Person'})"
0.02143885255422843,"frozenset({'Room', 'Display'})"
0.0427090084706054,"frozenset({'Display', 'Screen'})"
0.04979531942234904,"frozenset({'Door', 'Human'})"
0.025150880028282113,"frozenset({'Door', 'Indoors'})"
0.04979531942234904,"frozenset({'Door', 'Person'})"
0.021203869711483157,"frozenset({'Furniture', 'Drink'})"
0.026379454503112996,"frozenset({'Glass', 'Drink'})"
0.04592616909225076,"frozenset({'Human', 'Drink'})"
0.022321616457496866,"frozenset({'Drink', 'Indoors'})"
0.04592616909225076,"frozenset({'Person', 'Drink'})"
0.03371162063808714,"frozenset({'Drink', 'Pub'})"
0.029554528645460692,"frozenset({'Dungeon', 'Human'})"
0.029554528645460692,"frozenset({'Dungeon', 'Person'})"
0.02875979562805653,"frozenset({'Electronics', 'Face'})"
0.047485823870889905,"frozenset({'Electronics', 'Furniture'})"
0.0830741507649919,"frozenset({'Electronics', 'Human'})"
0.04756789250552034,"frozenset({'Electronics', 'Indoors'})"
0.0427090084706054,"frozenset({'Electronics', 'Monitor'})"
0.0830741507649919,"frozenset({'Electronics', 'Person'})"
0.036682224635180366,"frozenset({'Room', 'Electronics'})"
0.051504381202494884,"frozenset({'Electronics', 'Screen'})"
0.0269269294546434,"frozenset({'Electronics', 'Table'})"
0.03892648614372813,"frozenset({'Fashion', 'Evening Dress'})"
0.026938853957111073,"frozenset({'Female', 'Evening Dress'})"
0.03892648614372813,"frozenset({'Gown', 'Evening Dress'})"
0.03876199815380644,"frozenset({'Human', 'Evening Dress'})"
0.03876199815380644,"frozenset({'Evening Dress', 'Person'})"
0.03892648614372813,"frozenset({'Robe', 'Evening Dress'})"
0.02833437146648934,"frozenset({'Face', 'Fashion'})"
0.13649592182015605,"frozenset({'Face', 'Female'})"
0.0637796043309793,"frozenset({'Face', 'Finger'})"
0.05892773470928063,"frozenset({'Face', 'Furniture'})"
0.05520974498399311,"frozenset({'Face', 'Girl'})"
0.022559054344867834,"frozenset({'Glasses', 'Face'})"
0.021215794213950825,"frozenset({'Face', 'Gown'})"
0.11387443919766335,"frozenset({'Face', 'Hair'})"
0.02198317101981151,"frozenset({'Face', 'Hat'})"
0.12839322239337392,"frozenset({'Face', 'Head'})"
0.024361758541450975,"frozenset({'Home Decor', 'Face'})"
0.3914309122384676,"frozenset({'Face', 'Human'})"
0.13527716752382796,"frozenset({'Face', 'Indoors'})"
0.03431415873336532,"frozenset({'Face', 'Interior Design'})"
0.03866905717869078,"frozenset({'Face', 'Jacket'})"
0.02145358282198261,"frozenset({'Face', 'Jaw'})"
0.03596359800117281,"frozenset({'Kid', 'Face'})"
0.03401850121629925,"frozenset({'Face', 'Leisure Activities'})"
0.16365257330763253,"frozenset({'Man', 'Face'})"
0.02694411476702328,"frozenset({'Night Life', 'Face'})"
0.02869666590911004,"frozenset({'Face', 'Outdoors'})"
0.08267503065298576,"frozenset({'Face', 'Overcoat'})"
0.08244636078213513,"frozenset({'Face', 'People'})"
0.049998386684960254,"frozenset({'Performer', 'Face'})"
0.3914309122384676,"frozenset({'Face', 'Person'})"
0.13699499732049414,"frozenset({'Face', 'Photo'})"
0.13699499732049414,"frozenset({'Face', 'Photography'})"
0.03613965977290136,"frozenset({'Face', 'Plant'})"
0.10187803899452595,"frozenset({'Face', 'Portrait'})"
0.05646953359763642,"frozenset({'Face', 'Pub'})"
0.022851555375986578,"frozenset({'Face', 'Robe'})"
0.09822142538488085,"frozenset({'Room', 'Face'})"
0.022933624010617017,"frozenset({'Face', 'Sitting'})"
0.02283647438757158,"frozenset({'Face', 'Skin'})"
0.0228217441198174,"frozenset({'Face', 'Smile'})"
0.06460730509049996,"frozenset({'Suit', 'Face'})"
0.03375581144134968,"frozenset({'Teen', 'Face'})"
0.04500131870968466,"frozenset({'Tie', 'Face'})"
0.07809672314672188,"frozenset({'Face', 'Woman'})"
0.042720231531751446,"frozenset({'Female', 'Fashion'})"
0.05474679371171884,"frozenset({'Fashion', 'Gown'})"
0.0756136208681599,"frozenset({'Fashion', 'Human'})"
0.03187209077211855,"frozenset({'Fashion', 'Indoors'})"
0.029654834754453453,"frozenset({'Fashion', 'Overcoat'})"
0.0756136208681599,"frozenset({'Fashion', 'Person'})"
0.05995183903885704,"frozenset({'Fashion', 'Robe'})"
0.02353300561994787,"frozenset({'Room', 'Fashion'})"
0.021375372114621125,"frozenset({'Suit', 'Fashion'})"
0.02818812095092997,"frozenset({'Fashion', 'Woman'})"
0.033657258935660996,"frozenset({'Female', 'Finger'})"
0.049375156070694065,"frozenset({'Female', 'Furniture'})"
0.07476557831031203,"frozenset({'Female', 'Girl'})"
0.035504153935506676,"frozenset({'Female', 'Gown'})"
0.07422722209596279,"frozenset({'Female', 'Hair'})"
0.04577500848743999,"frozenset({'Female', 'Head'})"
0.20673790504729117,"frozenset({'Female', 'Human'})"
0.07028056249982464,"frozenset({'Female', 'Indoors'})"
0.021514257496303403,"frozenset({'Female', 'Jacket'})"
0.043433597355846794,"frozenset({'Kid', 'Female'})"
0.024526246531372666,"frozenset({'Man', 'Female'})"
0.02147813326823958,"frozenset({'Female', 'Outdoors'})"
0.03381613539500967,"frozenset({'Female', 'Overcoat'})"
0.04937305174672918,"frozenset({'Female', 'People'})"
0.20673790504729117,"frozenset({'Female', 'Person'})"
0.057021217197096595,"frozenset({'Female', 'Photo'})"
0.057021217197096595,"frozenset({'Female', 'Photography'})"
0.03530038523157384,"frozenset({'Female', 'Plant'})"
0.042642020824389955,"frozenset({'Female', 'Portrait'})"
0.027652921222528052,"frozenset({'Female', 'Pub'})"
0.037210059229705196,"frozenset({'Female', 'Robe'})"
0.05128097214155647,"frozenset({'Room', 'Female'})"
0.023671540280969336,"frozenset({'Suit', 'Female'})"
0.0422909494429153,"frozenset({'Teen', 'Female'})"
0.11037459772340205,"frozenset({'Female', 'Woman'})"
0.027038458624782203,"frozenset({'Finger', 'Hair'})"
0.022172910897311795,"frozenset({'Finger', 'Head'})"
0.09592806298381915,"frozenset({'Finger', 'Human'})"
0.025965604123352665,"frozenset({'Man', 'Finger'})"
0.09592806298381915,"frozenset({'Finger', 'Person'})"
0.023414111315931976,"frozenset({'Human', 'Flower'})"
0.023414111315931976,"frozenset({'Flower', 'Person'})"
0.02479630144019932,"frozenset({'Plant', 'Flower'})"
0.03129585672640141,"frozenset({'Food Court', 'Food'})"
0.03461192057439627,"frozenset({'Food', 'Furniture'})"
0.06069185963317424,"frozenset({'Human', 'Food'})"
0.029315337154785653,"frozenset({'Food', 'Indoors'})"
0.06069185963317424,"frozenset({'Food', 'Person'})"
0.03346401185155257,"frozenset({'Food', 'Pub'})"
0.04076356096507103,"frozenset({'Food', 'Restaurant'})"
0.023530199854661357,"frozenset({'Room', 'Food'})"
0.025181392725772918,"frozenset({'Food', 'Table'})"
0.022278828536877578,"frozenset({'Food Court', 'Furniture'})"
0.03124815871653073,"frozenset({'Food Court', 'Human'})"
0.03124815871653073,"frozenset({'Food Court', 'Person'})"
0.024179033077166963,"frozenset({'Food Court', 'Pub'})"
0.03129585672640141,"frozenset({'Food Court', 'Restaurant'})"
0.03817980185685547,"frozenset({'Home Decor', 'Furniture'})"
0.22234251940888136,"frozenset({'Human', 'Furniture'})"
0.15199707358680617,"frozenset({'Furniture', 'Indoors'})"
0.030324360495947073,"frozenset({'Furniture', 'Interior Design'})"
0.04022941339865155,"frozenset({'Lamp', 'Furniture'})"
0.03415633443599909,"frozenset({'Man', 'Furniture'})"
0.027011453133899535,"frozenset({'Monitor', 'Furniture'})"
0.043241753154381626,"frozenset({'Furniture', 'Overcoat'})"
0.03205621911904582,"frozenset({'Furniture', 'People'})"
0.22234251940888136,"frozenset({'Furniture', 'Person'})"
0.02210101316184496,"frozenset({'Furniture', 'Plant'})"
0.021597729013577097,"frozenset({'Furniture', 'Plywood'})"
0.04809081701079378,"frozenset({'Furniture', 'Pub'})"
0.035651807333709304,"frozenset({'Furniture', 'Restaurant'})"
0.1289684042771086,"frozenset({'Room', 'Furniture'})"
0.03262298370692098,"frozenset({'Screen', 'Furniture'})"
0.022944496351102246,"frozenset({'Furniture', 'Shelf'})"
0.042133826586870704,"frozenset({'Furniture', 'Sitting'})"
0.030935666607745594,"frozenset({'Suit', 'Furniture'})"
0.08550043629650206,"frozenset({'Furniture', 'Table'})"
0.03285796654966625,"frozenset({'Furniture', 'Table Lamp'})"
0.024332648726603425,"frozenset({'Furniture', 'Woman'})"
0.04472635371160661,"frozenset({'Furniture', 'Wood'})"
0.03352258220190848,"frozenset({'Girl', 'Hair'})"
0.07458811365594023,"frozenset({'Human', 'Girl'})"
0.039870976883299804,"frozenset({'Kid', 'Girl'})"
0.07458811365594023,"frozenset({'Girl', 'Person'})"
0.02578884091030249,"frozenset({'Girl', 'Photo'})"
0.02578884091030249,"frozenset({'Girl', 'Photography'})"
0.039041522520475075,"frozenset({'Teen', 'Girl'})"
0.058788147886276725,"frozenset({'Girl', 'Woman'})"
0.03600112511187989,"frozenset({'Glass', 'Human'})"
0.03600112511187989,"frozenset({'Glass', 'Person'})"
0.02654499465501713,"frozenset({'Glass', 'Pub'})"
0.028155503929474284,"frozenset({'Glasses', 'Human'})"
0.028155503929474284,"frozenset({'Glasses', 'Person'})"
0.05447814168553544,"frozenset({'Gown', 'Human'})"
0.024621993271774844,"frozenset({'Gown', 'Indoors'})"
0.05447814168553544,"frozenset({'Gown', 'Person'})"
0.05376617874408334,"frozenset({'Gown', 'Robe'})"
0.02417307082593313,"frozenset({'Gown', 'Woman'})"
0.02336501042341804,"frozenset({'Human', 'Grand Theft Auto'})"
0.02336501042341804,"frozenset({'Person', 'Grand Theft Auto'})"
0.060043026410668644,"frozenset({'Head', 'Hair'})"
0.15008003445479773,"frozenset({'Human', 'Hair'})"
0.05709346565322425,"frozenset({'Hair', 'Indoors'})"
0.023502492922457065,"frozenset({'Kid', 'Hair'})"
0.0414825383197394,"frozenset({'Man', 'Hair'})"
0.026703520393704987,"frozenset({'Hair', 'Overcoat'})"
0.0373443852427969,"frozenset({'Hair', 'People'})"
0.15008003445479773,"frozenset({'Hair', 'Person'})"
0.03869921915552076,"frozenset({'Hair', 'Photo'})"
0.03869921915552076,"frozenset({'Hair', 'Photography'})"
0.03049060208917283,"frozenset({'Portrait', 'Hair'})"
0.03000730901857136,"frozenset({'Hair', 'Pub'})"
0.040617310449511654,"frozenset({'Room', 'Hair'})"
0.02334572078707328,"frozenset({'Teen', 'Hair'})"
0.046423841709945596,"frozenset({'Hair', 'Woman'})"
0.02106428288847925,"frozenset({'Human', 'Hand'})"
0.02106428288847925,"frozenset({'Hand', 'Person'})"
0.046745452555911886,"frozenset({'Human', 'Hat'})"
0.046745452555911886,"frozenset({'Hat', 'Person'})"
0.14466595961381445,"frozenset({'Human', 'Head'})"
0.04896761866282838,"frozenset({'Head', 'Indoors'})"
0.062114733354095994,"frozenset({'Man', 'Head'})"
0.02579901180946609,"frozenset({'Head', 'Overcoat'})"
0.02809307565184942,"frozenset({'Head', 'People'})"
0.14466595961381445,"frozenset({'Head', 'Person'})"
0.06502887132479819,"frozenset({'Head', 'Photo'})"
0.06502887132479819,"frozenset({'Head', 'Photography'})"
0.05570636543970551,"frozenset({'Head', 'Portrait'})"
0.033051915075096305,"frozenset({'Room', 'Head'})"
0.028052041334534202,"frozenset({'Head', 'Woman'})"
0.0726209214694354,"frozenset({'Home Decor', 'Human'})"
0.04222115603141335,"frozenset({'Home Decor', 'Indoors'})"
0.0726209214694354,"frozenset({'Home Decor', 'Person'})"
0.03524672497046932,"frozenset({'Room', 'Home Decor'})"
0.02667651490282232,"frozenset({'Housing', 'Human'})"
0.02667651490282232,"frozenset({'Housing', 'Person'})"
0.3242840388430146,"frozenset({'Human', 'Indoors'})"
0.08316989750539408,"frozenset({'Human', 'Interior Design'})"
0.08460013636019292,"frozenset({'Jacket', 'Human'})"
0.022244107191457006,"frozenset({'Human', 'Jaw'})"
0.04686294397728452,"frozenset({'Kid', 'Human'})"
0.055363711354090385,"frozenset({'Lamp', 'Human'})"
0.08570280211779163,"frozenset({'Human', 'Leisure Activities'})"
0.021548978841723975,"frozenset({'Human', 'Light'})"
0.02822459589965461,"frozenset({'Human', 'Lighting'})"
0.21381439582053202,"frozenset({'Man', 'Human'})"
0.040154359177237385,"frozenset({'Monitor', 'Human'})"
0.045837436765064854,"frozenset({'Human', 'Musical Instrument'})"
0.03584014432856634,"frozenset({'Human', 'Musician'})"
0.058826727158966245,"frozenset({'Human', 'Nature'})"
0.05821016023725551,"frozenset({'Night Life', 'Human'})"
0.07847374785709677,"frozenset({'Outdoors', 'Human'})"
0.18489607445378764,"frozenset({'Human', 'Overcoat'})"
0.03339281555740736,"frozenset({'Human', 'Pants'})"
0.03293442365372367,"frozenset({'Human', 'Pedestrian'})"
0.17533086987141178,"frozenset({'Human', 'People'})"
0.06964751170705566,"frozenset({'Performer', 'Human'})"
0.9242271519518306,"frozenset({'Human', 'Person'})"
0.14606849153640902,"frozenset({'Human', 'Photo'})"
0.14606849153640902,"frozenset({'Human', 'Photography'})"
0.08926892979694677,"frozenset({'Human', 'Plant'})"
0.027610133301908764,"frozenset({'Human', 'Plywood'})"
0.10136072601982554,"frozenset({'Human', 'Portrait'})"
0.12419755112805793,"frozenset({'Human', 'Pub'})"
0.05347052122701727,"frozenset({'Human', 'Restaurant'})"
0.025110196431627707,"frozenset({'Human', 'Road'})"
0.05965653224245179,"frozenset({'Human', 'Robe'})"
0.24461643785650755,"frozenset({'Room', 'Human'})"
0.04841944226997635,"frozenset({'Screen', 'Human'})"
0.021345560858451948,"frozenset({'Human', 'Shaking Hands'})"
0.02652570501867237,"frozenset({'Human', 'Shelf'})"
0.037316678310592606,"frozenset({'Shirt', 'Human'})"
0.06458836617481602,"frozenset({'Human', 'Sitting'})"
0.027234511474177138,"frozenset({'Human', 'Skin'})"
0.0446323605745085,"frozenset({'Sleeve', 'Human'})"
0.022740026205847776,"frozenset({'Human', 'Smile'})"
0.02442874618766642,"frozenset({'Sport', 'Human'})"
0.02442874618766642,"frozenset({'Human', 'Sports'})"
0.1287705978244096,"frozenset({'Suit', 'Human'})"
0.08348589682078736,"frozenset({'Human', 'Table'})"
0.04246946625926955,"frozenset({'Human', 'Table Lamp'})"
0.04353776139210851,"frozenset({'Teen', 'Human'})"
0.02688028360675516,"frozenset({'Text', 'Human'})"
0.07475260164586192,"frozenset({'Tie', 'Human'})"
0.021586505952431057,"frozenset({'Human', 'Town'})"
0.07451551447915176,"frozenset({'Transportation', 'Human'})"
0.02524838037198836,"frozenset({'Human', 'Tree'})"
0.03441095763574994,"frozenset({'Human', 'Urban'})"
0.07345458448018989,"frozenset({'Vehicle', 'Human'})"
0.02255975578618946,"frozenset({'Vigil', 'Human'})"
0.11015855379634072,"frozenset({'Human', 'Woman'})"
0.06428920145114181,"frozenset({'Human', 'Wood'})"
0.02273967548518696,"frozenset({'Human', 'Worker'})"
0.08721510960722091,"frozenset({'Interior Design', 'Indoors'})"
0.027165068783335997,"frozenset({'Jacket', 'Indoors'})"
0.03643952593789719,"frozenset({'Lamp', 'Indoors'})"
0.043082876695032954,"frozenset({'Leisure Activities', 'Indoors'})"
0.0812191891899475,"frozenset({'Man', 'Indoors'})"
0.027411976128548943,"frozenset({'Monitor', 'Indoors'})"
0.023593680294268664,"frozenset({'Musical Instrument', 'Indoors'})"
0.029296047518440893,"frozenset({'Night Life', 'Indoors'})"
0.0912084150512473,"frozenset({'Overcoat', 'Indoors'})"
0.06370560227154758,"frozenset({'People', 'Indoors'})"
0.03274854170349233,"frozenset({'Performer', 'Indoors'})"
0.3242840388430146,"frozenset({'Person', 'Indoors'})"
0.03764004275986297,"frozenset({'Photo', 'Indoors'})"
0.03764004275986297,"frozenset({'Indoors', 'Photography'})"
0.027301849841053397,"frozenset({'Portrait', 'Indoors'})"
0.07786805327587126,"frozenset({'Indoors', 'Pub'})"
0.03156696379721051,"frozenset({'Restaurant', 'Indoors'})"
0.02690834125962027,"frozenset({'Robe', 'Indoors'})"
0.2500985525056887,"frozenset({'Room', 'Indoors'})"
0.033917844386645676,"frozenset({'Screen', 'Indoors'})"
0.036469337194066365,"frozenset({'Sitting', 'Indoors'})"
0.07165293244558919,"frozenset({'Suit', 'Indoors'})"
0.061932007889811985,"frozenset({'Table', 'Indoors'})"
0.02747194936154811,"frozenset({'Table Lamp', 'Indoors'})"
0.04165018279560841,"frozenset({'Tie', 'Indoors'})"
0.037544997460782416,"frozenset({'Woman', 'Indoors'})"
0.040395304271216494,"frozenset({'Wood', 'Indoors'})"
0.08316989750539408,"frozenset({'Person', 'Interior Design'})"
0.02701355745786442,"frozenset({'Interior Design', 'Pub'})"
0.0642408019999495,"frozenset({'Room', 'Interior Design'})"
0.03866554997208264,"frozenset({'Man', 'Jacket'})"
0.05599606070553774,"frozenset({'Jacket', 'Overcoat'})"
0.08460013636019292,"frozenset({'Jacket', 'Person'})"
0.022128720094049252,"frozenset({'Room', 'Jacket'})"
0.03698349368281946,"frozenset({'Suit', 'Jacket'})"
0.022244107191457006,"frozenset({'Jaw', 'Person'})"
0.04686294397728452,"frozenset({'Kid', 'Person'})"
0.035687931561773134,"frozenset({'Kid', 'Teen'})"
0.03800303864380529,"frozenset({'Kid', 'Woman'})"
0.055363711354090385,"frozenset({'Lamp', 'Person'})"
0.03096898507052291,"frozenset({'Room', 'Lamp'})"
0.043250170450241154,"frozenset({'Lamp', 'Table Lamp'})"
0.03768528572510795,"frozenset({'Musical Instrument', 'Leisure Activities'})"
0.029680788083353674,"frozenset({'Leisure Activities', 'Musician'})"
0.030638606208036274,"frozenset({'Performer', 'Leisure Activities'})"
0.08570280211779163,"frozenset({'Leisure Activities', 'Person'})"
0.03212320676526126,"frozenset({'Room', 'Leisure Activities'})"
0.021548978841723975,"frozenset({'Light', 'Person'})"
0.02822459589965461,"frozenset({'Lighting', 'Person'})"
0.06645525225232808,"frozenset({'Man', 'Overcoat'})"
0.03804407296112051,"frozenset({'Man', 'People'})"
0.031600632980648635,"frozenset({'Performer', 'Man'})"
0.21381439582053202,"frozenset({'Man', 'Person'})"
0.07038472653608635,"frozenset({'Man', 'Photo'})"
0.07038472653608635,"frozenset({'Man', 'Photography'})"
0.05067668044297422,"frozenset({'Man', 'Portrait'})"
0.03191102076546889,"frozenset({'Man', 'Pub'})"
0.06154446155961269,"frozenset({'Man', 'Room'})"
0.05128868799609437,"frozenset({'Man', 'Suit'})"
0.033869094214792554,"frozenset({'Tie', 'Man'})"
0.040154359177237385,"frozenset({'Monitor', 'Person'})"
0.02143885255422843,"frozenset({'Room', 'Monitor'})"
0.0427090084706054,"frozenset({'Monitor', 'Screen'})"
0.03634939072806803,"frozenset({'Musical Instrument', 'Musician'})"
0.023025162103089428,"frozenset({'Performer', 'Musical Instrument'})"
0.045837436765064854,"frozenset({'Musical Instrument', 'Person'})"
0.021591065321021636,"frozenset({'Performer', 'Musician'})"
0.03584014432856634,"frozenset({'Musician', 'Person'})"
0.07404905600026936,"frozenset({'Outdoors', 'Nature'})"
0.058826727158966245,"frozenset({'Person', 'Nature'})"
0.02605714221582508,"frozenset({'Plant', 'Nature'})"
0.05821016023725551,"frozenset({'Night Life', 'Person'})"
0.03540875791576532,"frozenset({'Night Life', 'Pub'})"
0.07847374785709677,"frozenset({'Outdoors', 'Person'})"
0.03897243055029474,"frozenset({'Outdoors', 'Plant'})"
0.022785269171092762,"frozenset({'Outdoors', 'Tree'})"
0.048183757985909445,"frozenset({'People', 'Overcoat'})"
0.022786321333075205,"frozenset({'Performer', 'Overcoat'})"
0.18489607445378764,"frozenset({'Person', 'Overcoat'})"
0.02246471048710891,"frozenset({'Photo', 'Overcoat'})"
0.02246471048710891,"frozenset({'Overcoat', 'Photography'})"
0.03756533925910962,"frozenset({'Overcoat', 'Pub'})"
0.023226475762396573,"frozenset({'Robe', 'Overcoat'})"
0.07669384050346652,"frozenset({'Room', 'Overcoat'})"
0.12883828691194668,"frozenset({'Suit', 'Overcoat'})"
0.05928511906264993,"frozenset({'Tie', 'Overcoat'})"
0.03339281555740736,"frozenset({'Pants', 'Person'})"
0.03293442365372367,"frozenset({'Pedestrian', 'Person'})"
0.17533086987141178,"frozenset({'People', 'Person'})"
0.030038873878044606,"frozenset({'People', 'Photo'})"
0.030038873878044606,"frozenset({'People', 'Photography'})"
0.021783610963808434,"frozenset({'Plant', 'People'})"
0.029986967220244156,"frozenset({'People', 'Pub'})"
0.04975638942899871,"frozenset({'Room', 'People'})"
0.0372507428263596,"frozenset({'Suit', 'People'})"
0.021264895106464763,"frozenset({'Tie', 'People'})"
0.0238910914146388,"frozenset({'People', 'Woman'})"
0.06964751170705566,"frozenset({'Performer', 'Person'})"
0.022617624695223746,"frozenset({'Performer', 'Photo'})"
0.022617624695223746,"frozenset({'Performer', 'Photography'})"
0.025500548527113514,"frozenset({'Performer', 'Room'})"
0.14606849153640902,"frozenset({'Photo', 'Person'})"
0.14606849153640902,"frozenset({'Person', 'Photography'})"
0.08926892979694677,"frozenset({'Plant', 'Person'})"
0.027610133301908764,"frozenset({'Plywood', 'Person'})"
0.10136072601982554,"frozenset({'Portrait', 'Person'})"
0.12419755112805793,"frozenset({'Person', 'Pub'})"
0.05347052122701727,"frozenset({'Restaurant', 'Person'})"
0.025110196431627707,"frozenset({'Road', 'Person'})"
0.05965653224245179,"frozenset({'Robe', 'Person'})"
0.24461643785650755,"frozenset({'Room', 'Person'})"
0.04841944226997635,"frozenset({'Screen', 'Person'})"
0.021345560858451948,"frozenset({'Shaking Hands', 'Person'})"
0.02652570501867237,"frozenset({'Person', 'Shelf'})"
0.037316678310592606,"frozenset({'Shirt', 'Person'})"
0.06458836617481602,"frozenset({'Sitting', 'Person'})"
0.027234511474177138,"frozenset({'Person', 'Skin'})"
0.0446323605745085,"frozenset({'Sleeve', 'Person'})"
0.022740026205847776,"frozenset({'Smile', 'Person'})"
0.02442874618766642,"frozenset({'Sport', 'Person'})"
0.02442874618766642,"frozenset({'Sports', 'Person'})"
0.1287705978244096,"frozenset({'Suit', 'Person'})"
0.08348589682078736,"frozenset({'Person', 'Table'})"
0.04246946625926955,"frozenset({'Person', 'Table Lamp'})"
0.04353776139210851,"frozenset({'Teen', 'Person'})"
0.02688028360675516,"frozenset({'Text', 'Person'})"
0.07475260164586192,"frozenset({'Tie', 'Person'})"
0.021586505952431057,"frozenset({'Town', 'Person'})"
0.07451551447915176,"frozenset({'Transportation', 'Person'})"
0.02524838037198836,"frozenset({'Tree', 'Person'})"
0.03441095763574994,"frozenset({'Person', 'Urban'})"
0.07345458448018989,"frozenset({'Vehicle', 'Person'})"
0.02255975578618946,"frozenset({'Vigil', 'Person'})"
0.11015855379634072,"frozenset({'Woman', 'Person'})"
0.06428920145114181,"frozenset({'Person', 'Wood'})"
0.02273967548518696,"frozenset({'Worker', 'Person'})"
0.14755239065231238,"frozenset({'Photo', 'Photography'})"
0.10187803899452595,"frozenset({'Portrait', 'Photo'})"
0.024702308303101213,"frozenset({'Room', 'Photo'})"
0.035987447006108154,"frozenset({'Photo', 'Woman'})"
0.10187803899452595,"frozenset({'Portrait', 'Photography'})"
0.024702308303101213,"frozenset({'Room', 'Photography'})"
0.035987447006108154,"frozenset({'Woman', 'Photography'})"
0.030902698865629095,"frozenset({'Plant', 'Tree'})"
0.02840802280526025,"frozenset({'Plywood', 'Wood'})"
0.028601971330690302,"frozenset({'Portrait', 'Woman'})"
0.03633430973965304,"frozenset({'Restaurant', 'Pub'})"
0.058746061406979064,"frozenset({'Room', 'Pub'})"
0.027059852585091845,"frozenset({'Suit', 'Pub'})"
0.029266937703593343,"frozenset({'Table', 'Pub'})"
0.0258803790027749,"frozenset({'Room', 'Restaurant'})"
0.027825826508309275,"frozenset({'Restaurant', 'Table'})"
0.022612013164650724,"frozenset({'Road', 'Urban'})"
0.02502356842840669,"frozenset({'Robe', 'Woman'})"
0.026835040641510176,"frozenset({'Room', 'Screen'})"
0.031275865648735024,"frozenset({'Room', 'Sitting'})"
0.06165283424380417,"frozenset({'Room', 'Suit'})"
0.054011332485992214,"frozenset({'Room', 'Table'})"
0.023709067391676417,"frozenset({'Room', 'Table Lamp'})"
0.036601558883193185,"frozenset({'Tie', 'Room'})"
0.027165419503996813,"frozenset({'Room', 'Woman'})"
0.03400657671383158,"frozenset({'Room', 'Wood'})"
0.02147006669304086,"frozenset({'Sitting', 'Table'})"
0.025730621280607394,"frozenset({'Sport', 'Sports'})"
0.057050327011944145,"frozenset({'Tie', 'Suit'})"
0.022534503898610867,"frozenset({'Table', 'Wood'})"
0.039679132681834636,"frozenset({'Teen', 'Woman'})"
0.029359527958048196,"frozenset({'Town', 'Urban'})"
0.08926857907628595,"frozenset({'Transportation', 'Vehicle'})"
